{
	"applicationName": "Database Schema Validator",
	"aimId": 500001407,
	"description1": "Database Schema Validator (DSV) is a data governance tool that automates validation and maintenance of schema for application databases.", 
	"description2": "DSV employs automated connection & schema extraction for enrolled databases and helps application teams to validate newly created or modified schema against AET data governance & compliance rules. ",
	"description3":"This tool also provides a library of data governance rules for schema validations and alerts the users of any violations.",
	"description4":"DSV currently supports major document type NoSQL technologies at American Express such as MongoDB and Couchbase",
	"description5":"Search your Application using AIM ID to get started...",
	"adsUser": {
		"adsId": "shuss22",
		"firstName": "Syed",
		"lastName": "Hussain",
		"fullName": "Syed Shafeeq Hussain"
	},
	"email": [
		"syedshafeeq.hussain@aexp.com"
	],
	"version": 1,
	"releaseDate": "2016-04-17T00:00:00.000Z",
	"demo": true
}