<?xml version="1.0" encoding="UTF-8"?>
<project-private xmlns="http://www.netbeans.org/ns/project-private/1">
    <editor-bookmarks xmlns="http://www.netbeans.org/ns/editor-bookmarks/2" lastBookmarkId="0"/>
    <open-files xmlns="http://www.netbeans.org/ns/projectui-open-files/2">
        <group>
            <file>file:/C:/OPEN_SITE_Development/GIT_Repositories/myProject/opencardshop/icm/Internet/Acquisition/US_en/AppContent/OPEN/AJ/ngaosbn/src/OAhtml/comparepage/compare-page-tray.html</file>
            <file>file:/C:/OPEN_SITE_Development/GIT_Repositories/myProject/opencardshop/icm/Internet/Acquisition/US_en/AppContent/OPEN/AJ/ngaosbn/src/OAcss/responsivecardart/card-art-scaling.css</file>
            <file>file:/C:/OPEN_SITE_Development/GIT_Repositories/myProject/opencardshop/icm/Internet/Acquisition/US_en/AppContent/OPEN/AJ/ngaosbn/src/OAcss/comparetray/compare-tray.css</file>
        </group>
    </open-files>
</project-private>
