{
  "name": "angular-messages",
  "version": "1.6.3",
  "license": "MIT",
  "main": "./angular-messages.js",
  "ignore": [],
  "dependencies": {
    "angular": "1.6.3"
  },
  "homepage": "https://github.com/angular/bower-angular-messages",
  "_release": "1.6.3",
  "_resolution": {
    "type": "version",
    "tag": "v1.6.3",
    "commit": "76146a56350712c3de6838a435e36e6153736125"
  },
  "_source": "https://github.com/angular/bower-angular-messages.git",
  "_target": "*",
  "_originalSource": "angular-messages"
}