{
  "name": "angular-loader",
  "version": "1.4.14",
  "license": "MIT",
  "main": "./angular-loader.js",
  "ignore": [],
  "dependencies": {
    "angular": "1.4.14"
  },
  "homepage": "https://github.com/angular/bower-angular-loader",
  "_release": "1.4.14",
  "_resolution": {
    "type": "version",
    "tag": "v1.4.14",
    "commit": "768dcec33455fb25740f5b98cece9fe13377c856"
  },
  "_source": "https://github.com/angular/bower-angular-loader.git",
  "_target": "~1.4.0",
  "_originalSource": "angular-loader"
}