{ 
 "92" : { 
"title":"The Business Platinum Card<sup>&#174;</sup>", 
"rating":"4", 
"ratingCount":"14", 
"more":"Learn More", 
"moreLink":"https://qwww.americanexpress.com/us/small-business/credit-cards/business-platinum-card/44343", 
"reviewLink":"https://qwww.americanexpress.com/us/small-business/credit-cards/business-card-reviews/44343?cards=business-platinum-card", 
"applyLink":"https://qwww262.americanexpress.com/business-card-application/business-platinum-charge-card/apply/44343-9-0/" 
 },"499" : { 
"title":"The Plum Card<sup class='reg'>&#174;</sup>", 
"rating":"3", 
"ratingCount":"55", 
"more":"Learn More", 
"moreLink":"https://qwww.americanexpress.com/us/small-business/credit-cards/american-express-plum-card/44343", 
"reviewLink":"https://qwww.americanexpress.com/us/small-business/credit-cards/business-card-reviews/44343?cards=american-express-plum-card", 
"applyLink":"https://www262.americanexpress.com/business-card-application/the-plum-card-business-charge-card/apply/44343-9-0/" 
 },"111" : { 
"title":"The Business Gold Rewards Card", 
"rating":"0", 
"ratingCount":"0", 
"more":"Learn More", 
"moreLink":"https://qwww.americanexpress.com/us/small-business/credit-cards/american-express-gold-business-card/44343", 
"reviewLink":"https://www262.americanexpress.com/business-card-application/bvLogin/OPEN", 
"applyLink":"https://www262.americanexpress.com/business-card-application/business-gold-charge-card/apply/44343-9-0/" 
 },"474" : { 
"title":"Starwood Preferred Guest<sup>&#174;</sup><br/>Business Credit Card", 
"rating":"4", 
"ratingCount":"10", 
"more":"Learn More", 
"moreLink":"https://qwww.americanexpress.com/us/small-business/credit-cards/starwood-business-credit-card/44343", 
"reviewLink":"https://qwww.americanexpress.com/us/small-business/credit-cards/business-card-reviews/44343?cards=starwood-business-credit-card", 
"applyLink":"https://www262.americanexpress.com/business-card-application/starwood-preferred-guest-business-credit-card/apply/44343-9-0/" 
 },"113" : { 
"title":"Gold Delta SkyMiles<sup>&#174;</sup><br/>Business Credit Card", 
"rating":"5", 
"ratingCount":"1", 
"more":"Learn More", 
"moreLink":"https://qwww.americanexpress.com/us/small-business/credit-cards/gold-delta-skymiles-business-credit-card/44343", 
"reviewLink":"https://qwww.americanexpress.com/us/small-business/credit-cards/business-card-reviews/44343?cards=gold-delta-skymiles-business-credit-card", 
"applyLink":"https://www262.americanexpress.com/business-card-application/gold-delta-skymiles-business-credit-card/apply/44343-9-0/" 
 },"89" : { 
"title":"Business Green Rewards Card", 
"rating":"3", 
"ratingCount":"3", 
"more":"Learn More", 
"moreLink":"https://qwww.americanexpress.com/us/small-business/credit-cards/american-express-green-business-card/44343", 
"reviewLink":"https://qwww.americanexpress.com/us/small-business/credit-cards/business-card-reviews/44343?cards=american-express-green-business-card", 
"applyLink":"https://www262.americanexpress.com/business-card-application/business-green-rewards-charge-card/apply/44343-9-0/" 
 },"1043" : { 
"title":"SimplyCash<sup>&#174;</sup><br/> Plus Business Credit Card", 
"rating":"4", 
"ratingCount":"6", 
"more":"Learn More", 
"moreLink":"https://qwww.americanexpress.com/us/small-business/credit-cards/simplycash-business-credit-card/44343", 
"reviewLink":"https://qwww.americanexpress.com/us/small-business/credit-cards/business-card-reviews/44343?cards=simplycash-business-credit-card", 
"applyLink":"https://www262.americanexpress.com/business-card-application/simplycash-business-credit-card/apply/44343-9-0/" 
 },"79" : { 
"title":"Blue for Business<sup>&#174;</sup><br/>Credit Card", 
"rating":"3", 
"ratingCount":"1", 
"more":"Learn More", 
"moreLink":"https://qwww.americanexpress.com/us/small-business/credit-cards/american-express-blue-for-business-credit-card/44343", 
"reviewLink":"https://qwww.americanexpress.com/us/small-business/credit-cards/business-card-reviews/44343?cards=american-express-blue-for-business-credit-card", 
"applyLink":"https://www262.americanexpress.com/business-card-application/blue-for-business-credit-card/apply/44343-9-0/" 
 },"251" : { 
"title":"Lowe&#39;s Business Rewards Card<br/>from American Express", 
"rating":"3", 
"ratingCount":"9", 
"more":"Learn More", 
"moreLink":"https://qwww.americanexpress.com/us/small-business/credit-cards/lowes-business-rewards-credit-card/44343", 
"reviewLink":"https://qwww.americanexpress.com/us/small-business/credit-cards/business-card-reviews/44343?cards=lowes-business-rewards-credit-card", 
"applyLink":"https://www262.americanexpress.com/business-card-application/lowes-business-rewards-card/apply/44343-9-0/" 
 },"141" : { 
"title":"Platinum Delta SkyMiles<sup>&#174;</sup><br/>Business Credit Card", 
"rating":"2", 
"ratingCount":"13", 
"more":"Learn More", 
"moreLink":"https://qwww.americanexpress.com/us/small-business/credit-cards/platinum-delta-skymiles-business-credit-card/44343", 
"reviewLink":"https://qwww.americanexpress.com/us/small-business/credit-cards/business-card-reviews/44343?cards=platinum-delta-skymiles-business-credit-card", 
"applyLink":"https://www262.americanexpress.com/business-card-application/platinum-delta-skymiles-business-credit-card/apply/44343-9-0/" 
 },"756" : { 
"title":"Delta Reserve for Business<br/>Credit Card", 
"rating":"3", 
"ratingCount":"5", 
"more":"Learn More", 
"moreLink":"https://qwww.americanexpress.com/us/small-business/credit-cards/delta-reserve-business-credit-card/44343", 
"reviewLink":"https://qwww.americanexpress.com/us/small-business/credit-cards/business-card-reviews/44343?cards=delta-reserve-business-credit-card", 
"applyLink":"https://www262.americanexpress.com/business-card-application/delta-reserve-for-business-credit-card/apply/44343-9-0/" 
 },
 "EmailIdSwitchFlag":"TRUE" } 