{
  "Products": [
    {
      "pmc": "92",
      "fileName": "../../OAimages/amex-open/cardarts/thumbnail/angled/normal/angled-cardart-92.png",
      "title": "The Business Platinum Card<sup class='reg'>&#174;</sup>",
      "offer": "false",
      "rating": "rating-05",
      "ratingValue": "567",
      "ratingLink": "#",
      "learnMoreLink": "../OAhtml/bpc_details.html",
      "applyLink": "../OAhtml/bpc_details.html",
      "flow":"UA",
      "annualFeeContent": "<span>$0 introductory annual fee for the first year, then $175<sup>†</sup></span>",
      "offerContent": "<div class='earn-points vac-with-offer'><span class='limited-offer'>WELCOME OFFER</span><div class='offer-points'> <span class='offer-value'><span class='points'><span class='get'>Get</span> <span id='get-points'>25,000</span></span></span> <span class='membership'><span class='membership-mr'>Membership Rewards<sup class='reg'>®</sup></span> points</span> </div><div class='offer-details'>after you spend $5<span class='comma'>,</span>000 in qualifying purchases on the Card within your first 3 months of Card Membership.<sup>†</sup></div></div>",
      "terms": "<div class='terms-and-condition-container term-conditions'> <a target='_new' href='https://www262.americanexpress.com/business-card-application/delta-reserve-for-business-credit-card/tandc/44279-AJTnC-0/?key=tncBody#OfferTerms' title='Offer Terms'><sup>†</sup>Offer Terms</a> <span>|</span> <a target='_new' href='https://www262.americanexpress.com/business-card-application/delta-reserve-for-business-credit-card/tandc/44279-AJTnC-0/?key=tncBody#CardBenefitsTerms' title='Benefit Terms'><sup>‡</sup>Benefit Terms</a> <span>|</span> <a target='_new' href='https://www262.americanexpress.com/business-card-application/delta-reserve-for-business-credit-card/tandc/44279-AJTnC-0/?key=tncBody' title='Rates &amp; Fees'>Rates &amp; Fees</a>  </div>"
    },
    {
      "pmc": "111",
      "fileName": "../../OAimages/amex-open/cardarts/thumbnail/angled/normal/angled-cardart-111.png",
      "title": "The Business Gold Rewards Card",
      "offer": "false",
      "rating": "rating-10",
      "ratingValue": "567",
      "ratingLink": "#",
      "learnMoreLink": "../OAhtml/bgr_details.html",
      "applyLink": "../OAhtml/bpc_details.html",
      "flow":"PZN",
      "annualFeeContent": "<span>$0 introductory annual fee for the first year, then $100<sup>†</sup></span>",
      "offerContent": "<div class='earn-points vac-with-offer'><span class='limited-offer'>WELCOME OFFER</span><div class='offer-points'> <span class='offer-value'><span class='points'><span class='get'>Get</span> <span id='get-points'>25,000</span></span></span> <span class='membership'><span class='membership-mr'>Membership Rewards<sup class='reg'>®</sup></span> points</span> </div><div class='offer-details'>after you spend $5<span class='comma'>,</span>000 in qualifying purchases on the Card within your first 3 months of Card Membership.<sup>†</sup></div></div>",
      "terms": "<div class='terms-and-condition-container term-conditions'> <a target='_new' href='https://www262.americanexpress.com/business-card-application/delta-reserve-for-business-credit-card/tandc/44279-AJTnC-0/?key=tncBody#OfferTerms' title='Offer Terms'><sup>†</sup>Offer Terms</a> <span>|</span> <a target='_new' href='https://www262.americanexpress.com/business-card-application/delta-reserve-for-business-credit-card/tandc/44279-AJTnC-0/?key=tncBody#CardBenefitsTerms' title='Benefit Terms'><sup>‡</sup>Benefit Terms</a> <span>|</span> <a target='_new' href='https://www262.americanexpress.com/business-card-application/delta-reserve-for-business-credit-card/tandc/44279-AJTnC-0/?key=tncBody' title='Rates &amp; Fees'>Rates &amp; Fees</a>  </div>"
    },
    {
      "pmc": "499",
      "fileName": "../../OAimages/amex-open/cardarts/thumbnail/angled/normal/angled-cardart-499.png",
      "title": "The Plum Card<sup class='reg'>&#174;</sup>",
      "rating": "rating-15",
      "ratingValue": "567",
      "ratingLink": "#",
      "offer": "false",
      "learnMoreLink": "../OAhtml/plum_details.html",
      "applyLink": "../OAhtml/bpc_details.html",
      "flow":"",
      "annualFeeContent": "<span>$175 annual fee<sup>†</sup></span>",
      "offerContent": "<div class='earn-points vac-without-offer'><div class='plum-benefits one-row'><ul class='points' style='width: 98%; padding-right: 0%;'><li class='pay-early'><span class='pay-terms'>PAY EARLY</span> <span class='mid-content'> <span class='separator'></span> <span class='mid-text'>GET A</span><span class='separator'></span></span> <span class='reward-discount'><span class='discount-quantity'>1.5<sup>%</sup></span><span class='discount-text'><span>DISCOUNT</span><span>WITH NO CAP<sup>‡</sup></span></span></span></li><li class='plum-horiz-devider'></li><li class='pay-later'><span class='pay-terms'>PAY LATER</span> <span class='mid-content'> <span class='separator'></span> <span class='mid-text'>TAKE UP TO</span> <span class='separator'></span></span><span class='reward-discount'><span class='discount-quantity'>60</span><span class='discount-text'><span>DAYS TO PAY WITH</span><span>NO INTEREST<sup>‡</sup></span></span></span></li></ul></div></div>",
      "terms": "<div class='terms-and-condition-container term-conditions'> <a target='_new' href='https://www262.americanexpress.com/business-card-application/delta-reserve-for-business-credit-card/tandc/44279-AJTnC-0/?key=tncBody#OfferTerms' title='Offer Terms'><sup>†</sup>Offer Terms</a> <span>|</span> <a target='_new' href='https://www262.americanexpress.com/business-card-application/delta-reserve-for-business-credit-card/tandc/44279-AJTnC-0/?key=tncBody#CardBenefitsTerms' title='Benefit Terms'><sup>‡</sup>Benefit Terms</a> <span>|</span> <a target='_new' href='https://www262.americanexpress.com/business-card-application/delta-reserve-for-business-credit-card/tandc/44279-AJTnC-0/?key=tncBody' title='Rates &amp; Fees'>Rates &amp; Fees</a>  </div>"
    },
    {
      "pmc": "89",
      "fileName": "../../OAimages/amex-open/cardarts/thumbnail/angled/normal/angled-cardart-89.png",
      "title": "Business Green Rewards Card",
      "offer": "false",
      "rating": "rating-20",
      "ratingValue": "567",
      "ratingLink": "#",
      "learnMoreLink": "../OAhtml/bgreen_details.html",
      "applyLink": "../OAhtml/bpc_details.html",
      "flow":"",
      "annualFeeContent": "<span>$0 introductory annual fee for the first year, then $200<sup>†</sup></span>",
      "offerContent": "<div class='earn-points vac-with-offer'><span class='limited-offer'>WELCOME OFFER</span><div class='offer-points'> <span class='offer-value'><span class='points'><span class='get'>Get</span> <span id='get-points'>5,000</span></span></span> <span class='membership'><span class='membership-mr'>Membership Rewards<sup class='reg'>®</sup></span> points</span> </div><div class='offer-details'>after your first purchase on the Card.<sup>†</sup></div></div>",
       "terms": "<div class='terms-and-condition-container term-conditions'> <a target='_new' href='https://www262.americanexpress.com/business-card-application/delta-reserve-for-business-credit-card/tandc/44279-AJTnC-0/?key=tncBody#OfferTerms' title='Offer Terms'><sup>†</sup>Offer Terms</a> <span>|</span> <a target='_new' href='https://www262.americanexpress.com/business-card-application/delta-reserve-for-business-credit-card/tandc/44279-AJTnC-0/?key=tncBody#CardBenefitsTerms' title='Benefit Terms'><sup>‡</sup>Benefit Terms</a> <span>|</span> <a target='_new' href='https://www262.americanexpress.com/business-card-application/delta-reserve-for-business-credit-card/tandc/44279-AJTnC-0/?key=tncBody' title='Rates &amp; Fees'>Rates &amp; Fees</a>  </div>"
    },
    {
      "pmc": "113",
      "fileName": "../../OAimages/amex-open/cardarts/thumbnail/angled/normal/angled-cardart-113.png",
      "title": "Gold Delta SkyMiles<sup class='reg'>&#174;</sup><br/> Business Credit Card",
      "offer": "false",
      "rating": "rating-25",
      "ratingValue": "567",
      "ratingLink": "#",
      "learnMoreLink": "../OAhtml/gds_details.html",
      "applyLink": "../OAhtml/bpc_details.html",
      "flow":"RICHEROFFER",
      "annualFeeContent": "<span>$175 annual fee<sup>†</sup></span>",
      "offerContent": "<div class='earn-points vac-with-offer'><span class='limited-offer'>WELCOME OFFER</span><div class='offer-points'> <span class='offer-value'><span class='points'><span class='get'>Earn</span> <span id='get-points'>30,000 </span><span class='membership-non-mr'>Bonus Miles </span></span></span></div><div class='offer-details'>after you make $1,000 in purchases on your new Card within your first 3 months and a $50 statement credit after you make a Delta purchase with your new Card within your first 3 months.<sup>†</sup></div></div>",
      "terms": "<div class='terms-and-condition-container term-conditions'> <a target='_new' href='https://www262.americanexpress.com/business-card-application/delta-reserve-for-business-credit-card/tandc/44279-AJTnC-0/?key=tncBody#OfferTerms' title='Offer Terms'><sup>†</sup>Offer Terms</a> <span>|</span> <a target='_new' href='https://www262.americanexpress.com/business-card-application/delta-reserve-for-business-credit-card/tandc/44279-AJTnC-0/?key=tncBody#CardBenefitsTerms' title='Benefit Terms'><sup>‡</sup>Benefit Terms</a> <span>|</span> <a target='_new' href='https://www262.americanexpress.com/business-card-application/delta-reserve-for-business-credit-card/tandc/44279-AJTnC-0/?key=tncBody' title='Rates &amp; Fees'>Rates &amp; Fees</a>  </div>"
    },
    {
      "pmc": "474",
      "fileName": "../../OAimages/amex-open/cardarts/thumbnail/angled/normal/angled-cardart-474.png",
      "title": "Starwood Preferred Guest<sup class='reg'>&#174;</sup><br/> Business Credit Card",
      "offer": "false",
      "rating": "rating-30",
      "ratingValue": "567",
      "ratingLink": "#",
      "learnMoreLink": "../OAhtml/spg_details.html",
      "applyLink": "../OAhtml/bpc_details.html",
      "annualFeeContent": "<span>$0 introductory annual fee for the first year, then $175<sup>†</sup></span>",
      "offerContent": "<div class='earn-points vac-with-offer'><span class='limited-offer'>WELCOME OFFER</span><div class='offer-points'><span class='offer-value'><span class='points'><span class='get'>Get</span> <span id='get-points'>25,000 </span><span class='membership-non-mr'>bonus <span class='spgstarpoint'>Starpoints<sup class='reg'>®</sup></span> </span></span></span></div><div class='offer-details'>after you use your new Card to make $5,000 in purchases within the first 3 months.<sup>†</sup></div></div>",
      "terms": "<div class='terms-and-condition-container term-conditions'> <a target='_new' href='https://www262.americanexpress.com/business-card-application/delta-reserve-for-business-credit-card/tandc/44279-AJTnC-0/?key=tncBody#OfferTerms' title='Offer Terms'><sup>†</sup>Offer Terms</a> <span>|</span> <a target='_new' href='https://www262.americanexpress.com/business-card-application/delta-reserve-for-business-credit-card/tandc/44279-AJTnC-0/?key=tncBody#CardBenefitsTerms' title='Benefit Terms'><sup>‡</sup>Benefit Terms</a> <span>|</span> <a target='_new' href='https://www262.americanexpress.com/business-card-application/delta-reserve-for-business-credit-card/tandc/44279-AJTnC-0/?key=tncBody' title='Rates &amp; Fees'>Rates &amp; Fees</a>  </div>"
    },
    {
      "pmc": "1043",
      "fileName": "../../OAimages/amex-open/cardarts/thumbnail/angled/normal/angled-cardart-1043.png",
      "title": "SimplyCash<sup class='reg'>&#174;</sup> Plus<br/> Business Credit Card",
      "offer": "false",
      "rating": "rating-35",
      "ratingValue": "567",
      "ratingLink": "#",
      "learnMoreLink": "../OAhtml/scb_details.html",
      "applyLink": "../OAhtml/bpc_details.html",
      "flow":"PZN",
      "annualFeeContent": "<span>$0 introductory annual fee for the first year, then $200<sup>†</sup></span>",
      "offerContent": "<div class='earn-points overview vac-without-offer'><div class='offer-details'><p class='details'>No annual fee. Power to choose. Unlock cash back.</p></div></div>",
      "terms": "<div class='terms-and-condition-container term-conditions'> <a target='_new' href='https://www262.americanexpress.com/business-card-application/delta-reserve-for-business-credit-card/tandc/44279-AJTnC-0/?key=tncBody#OfferTerms' title='Offer Terms'><sup>†</sup>Offer Terms</a> <span>|</span> <a target='_new' href='https://www262.americanexpress.com/business-card-application/delta-reserve-for-business-credit-card/tandc/44279-AJTnC-0/?key=tncBody#CardBenefitsTerms' title='Benefit Terms'><sup>‡</sup>Benefit Terms</a> <span>|</span> <a target='_new' href='https://www262.americanexpress.com/business-card-application/delta-reserve-for-business-credit-card/tandc/44279-AJTnC-0/?key=tncBody' title='Rates &amp; Fees'>Rates &amp; Fees</a>  </div>"
    },
    {
      "pmc": "79",
      "fileName": "../../OAimages/amex-open/cardarts/thumbnail/angled/normal/angled-cardart-79.png",
      "title": "Blue for Business<sup class='reg'>&#174;</sup><br/> Credit Card",
      "offer": "false",
      "rating": "rating-40",
      "ratingValue": "567",
      "ratingLink": "#",
      "learnMoreLink": "../OAhtml/bbc_details.html",
      "applyLink": "../OAhtml/bpc_details.html",
      "annualFeeContent": "<span>$175 annual fee<sup>†</sup></span>",
      "offerContent": "<div class='earn-points vac-with-offer'><span class='limited-offer'>WELCOME OFFER</span><div class='offer-points'> <span class='offer-value'><span class='points'><span class='get'>Get</span> <span id='get-points'>10,000</span></span></span> <span class='membership'><span class='membership-mr'>Membership Rewards<sup class='reg'>®</sup><span> points</span> </span></span></div><div class='offer-details'>after making your first purchase on the Card within your first 3 months of Card Membership.<sup>†</sup></div></div>",
      "terms": "<div class='terms-and-condition-container term-conditions'> <a target='_new' href='https://www262.americanexpress.com/business-card-application/delta-reserve-for-business-credit-card/tandc/44279-AJTnC-0/?key=tncBody#OfferTerms' title='Offer Terms'><sup>†</sup>Offer Terms</a> <span>|</span> <a target='_new' href='https://www262.americanexpress.com/business-card-application/delta-reserve-for-business-credit-card/tandc/44279-AJTnC-0/?key=tncBody#CardBenefitsTerms' title='Benefit Terms'><sup>‡</sup>Benefit Terms</a> <span>|</span> <a target='_new' href='https://www262.americanexpress.com/business-card-application/delta-reserve-for-business-credit-card/tandc/44279-AJTnC-0/?key=tncBody' title='Rates &amp; Fees'>Rates &amp; Fees</a>  </div>"
    },
    {
      "pmc": "251",
      "fileName": "../../OAimages/amex-open/cardarts/thumbnail/angled/normal/angled-cardart-251.png",
      "title": "Lowes Business Rewards Card<br/> from American Express",
      "offer": "false",
      "rating": "rating-45",
      "ratingValue": "567",
      "ratingLink": "#",
      "learnMoreLink": "../OAhtml/lbr_details.html",
      "applyLink": "../OAhtml/bpc_details.html",
      "flow":"RICHEROFFER",
      "annualFeeContent": "<span>$0 introductory annual fee for the first year, then $175<sup>†</sup></span>",
      "offerContent": "<div class='earn-points vac-with-offer'><span class='limited-offer'>LIMITED TIME OFFER</span><div class='offer-points'><span class='offer-value'><span class='points' style='width: 98%; padding-right: 0%;'><span class='get'>Earn <span>up to</span></span><span id='get - points'>20, 000 </span><span class='get_discount'>Lowe's Business Rewards points</span></span></span></div><div class='offer-details early-pay'>Earn 5, 000 lowe's Business Rewards points after you spend $100 on the Card within the first 30 days of Card Membership and another 15, 000 bonus points after you spend $3, 000 in purchases on the Card within the first 90 days of Card Membership.<sup>†</sup></div><div class='lto-dt'>Limited time offer ends 09/14/2015.</div></div>",
      "terms": "<div class='terms-and-condition-container term-conditions'> <a target='_new' href='https://www262.americanexpress.com/business-card-application/delta-reserve-for-business-credit-card/tandc/44279-AJTnC-0/?key=tncBody#OfferTerms' title='Offer Terms'><sup>†</sup>Offer Terms</a> <span>|</span> <a target='_new' href='https://www262.americanexpress.com/business-card-application/delta-reserve-for-business-credit-card/tandc/44279-AJTnC-0/?key=tncBody#CardBenefitsTerms' title='Benefit Terms'><sup>‡</sup>Benefit Terms</a> <span>|</span> <a target='_new' href='https://www262.americanexpress.com/business-card-application/delta-reserve-for-business-credit-card/tandc/44279-AJTnC-0/?key=tncBody' title='Rates &amp; Fees'>Rates &amp; Fees</a>  </div>"
    },
    {
      "pmc": "141",
      "fileName": "../../OAimages/amex-open/cardarts/thumbnail/angled/normal/angled-cardart-141.png",
      "title": "Platinum Delta SkyMiles<sup class='reg'>&#174;</sup><br/> Business Credit Card",
      "offer": "false",
      "rating": "rating-50",
      "ratingValue": "567",
      "ratingLink": "#",
      "learnMoreLink": "../OAhtml/pds_details.html",
      "applyLink": "../OAhtml/bpc_details.html",
      "annualFeeContent": "<span>$0 introductory annual fee for the first year, then $5<sup>†</sup></span>",
      "offerContent": "<div class='earn-points'><span class='limited-offer'>WELCOME OFFER</span><div class='offer-points'><span class='offer-value'><span class='points'><span class='get'>Earn</span> <span id='get-points'>5,000 </span><span class='membership-non-mr'> Medallion<sup class='reg'>®</sup> Qualification Miles (MQMs) </span></span></span></div><div class='offer-details'>and 35,000 bonus miles after you spend $1,000 in purchases on your new Card in your first 3 months.<sup>†</sup> In addition, earn a $100 statement credit after you make a Delta purchase with your new Card within your first 3 months.<sup>†</sup></div></div>",
      "terms": "<div class='terms-and-condition-container term-conditions'> <a target='_new' href='https://www262.americanexpress.com/business-card-application/delta-reserve-for-business-credit-card/tandc/44279-AJTnC-0/?key=tncBody#OfferTerms' title='Offer Terms'><sup>†</sup>Offer Terms</a> <span>|</span> <a target='_new' href='https://www262.americanexpress.com/business-card-application/delta-reserve-for-business-credit-card/tandc/44279-AJTnC-0/?key=tncBody#CardBenefitsTerms' title='Benefit Terms'><sup>‡</sup>Benefit Terms</a> <span>|</span> <a target='_new' href='https://www262.americanexpress.com/business-card-application/delta-reserve-for-business-credit-card/tandc/44279-AJTnC-0/?key=tncBody' title='Rates &amp; Fees'>Rates &amp; Fees</a>  </div>"
    },
    {
      "pmc": "756",
      "fileName": "../../OAimages/amex-open/cardarts/thumbnail/angled/normal/angled-cardart-756.png",
      "title": "Delta Reserve for Business<br/> Credit Card",
      "offer": "false",
      "rating": "rating-0",
      "ratingValue": "567",
      "ratingLink": "#",
      "learnMoreLink": "../OAhtml/drb_details.html",
      "applyLink": "../OAhtml/bpc_details.html",
      "flow":"",
      "annualFeeContent": "<span>$0 introductory annual fee for the first year, then $175<sup>†</sup></span>",
      "offerContent": "<div class='earn-points vac-with-offer'><span class='limited-offer'>WELCOME OFFER</span><div class='offer-points'> <span class='offer-value'><span class='points'><span class='get'>Get</span> <span id='get-points'>10,000 </span><span class='membership-non-mr'>Medallion<sup class='reg'>®</sup> Qualification Miles </span></span></span></div><div class='offer-details'>after your first purchase on the Card.<sup>†</sup></div></div>",
       "terms": "<div class='terms-and-condition-container term-conditions'> <a target='_new' href='https://www262.americanexpress.com/business-card-application/delta-reserve-for-business-credit-card/tandc/44279-AJTnC-0/?key=tncBody#OfferTerms' title='Offer Terms'><sup>†</sup>Offer Terms</a> <span>|</span> <a target='_new' href='https://www262.americanexpress.com/business-card-application/delta-reserve-for-business-credit-card/tandc/44279-AJTnC-0/?key=tncBody#CardBenefitsTerms' title='Benefit Terms'><sup>‡</sup>Benefit Terms</a> <span>|</span> <a target='_new' href='https://www262.americanexpress.com/business-card-application/delta-reserve-for-business-credit-card/tandc/44279-AJTnC-0/?key=tncBody' title='Rates &amp; Fees'>Rates &amp; Fees</a>  </div>"
    }
  ],
  "BAU_order": [
    {
      "chargecardsorder":[92, 111, 499, 89],
      "creditcardsorder": [113, 1043, 474, 79, 251, 141, 756]
    }
  ],
  "MVT_order": [
    {
      "chargecardsorder": [111, 499, 92, 89],
      "creditcardsorder": [1043, 474, 113, 79, 251, 141, 756],
	  "allcardorder": [111, 499, 92, 1043, 474, 113, 89, 79, 251, 141, 756],
  	  "allcardcount":6
    }
  ]
 

}