{
  "name": "angular-mocks",
  "version": "1.4.14",
  "license": "MIT",
  "main": "./angular-mocks.js",
  "ignore": [],
  "dependencies": {
    "angular": "1.4.14"
  },
  "homepage": "https://github.com/angular/bower-angular-mocks",
  "_release": "1.4.14",
  "_resolution": {
    "type": "version",
    "tag": "v1.4.14",
    "commit": "d6d76294fbc8ee9e5d5b581968b775910b4e67d0"
  },
  "_source": "https://github.com/angular/bower-angular-mocks.git",
  "_target": "~1.4.0",
  "_originalSource": "angular-mocks"
}