{
  "name": "angular-route",
  "version": "1.6.3",
  "license": "MIT",
  "main": "./angular-route.js",
  "ignore": [],
  "dependencies": {
    "angular": "1.6.3"
  },
  "homepage": "https://github.com/angular/bower-angular-route",
  "_release": "1.6.3",
  "_resolution": {
    "type": "version",
    "tag": "v1.6.3",
    "commit": "f34ccdda48057100f011e64973f66f5f911ebbc4"
  },
  "_source": "https://github.com/angular/bower-angular-route.git",
  "_target": "~1.6.1",
  "_originalSource": "angular-route"
}