{
  "name": "angular-cookies",
  "version": "1.6.3",
  "license": "MIT",
  "main": "./angular-cookies.js",
  "ignore": [],
  "dependencies": {
    "angular": "1.6.3"
  },
  "homepage": "https://github.com/angular/bower-angular-cookies",
  "_release": "1.6.3",
  "_resolution": {
    "type": "version",
    "tag": "v1.6.3",
    "commit": "8c3176743e7247daa2a22281ab55c8dc48590c2e"
  },
  "_source": "https://github.com/angular/bower-angular-cookies.git",
  "_target": "^1.6.1",
  "_originalSource": "angular-cookies"
}